{
  "modes": {
    "radial": [
      2.29049,
      2.31223,
      2.33447,
      2.3566,
      2.37964,
      2.40187,
      2.42345,
      2.44437,
      2.46325,
      2.48068,
      2.49643,
      2.50981,
      2.51649
    ],
    "radial2": [],
    "axial": []
  },
  "XX": {
    "-2:2": {
      "angle_sign": 1,
      "phase_slope": [
        2.4027529212989265,
        2.394530895270106,
        2.335401470435583,
        2.4143922165159326,
        2.3969584156241024,
        2.382878797472749,
        2.354800045759165,
        2.412722552164686,
        2.4167308152995703,
        2.408834535950712,
        2.3579308865132567,
        2.39518731872567,
        2.4095146164577295,
        2.3714328468923567,
        2.352615471749645,
        2.4704406864524944,
        2.3108356027735524,
        2.398881310881629,
        2.435100391310287,
        2.2943512238698816,
        2.455653000197436,
        2.3983861058261002,
        2.29,
        2.481234329365045,
        2.29,
        2.4580032194736767,
        2.3410630800706955,
        2.400290404571493,
        2.418421634632805,
        2.3423157400207217,
        2.4374880995853716,
        2.3882375850920874,
        2.3978103614594923,
        2.386367448924782,
        2.389455609875756,
        2.3839564057920275,
        2.396632761695144,
        2.402391166612772,
        2.383231301887163,
        2.372520192024944,
        2.390292132128966,
        2.4039047136046756,
        2.385272612763898,
        2.370430680779039,
        2.387300711065219,
        2.392605899527963,
        2.3715804944450647,
        2.3719728960989794,
        2.398367393169819,
        2.403281822264223,
        2.3807755216934847,
        2.371840454420783,
        2.385496415020944,
        2.3930351321661165,
        2.3865382369924064,
        2.3733964736537483,
        2.3700193897846606,
        2.3870058610483014,
        2.3745845375383725,
        2.399973775005356,
        2.3628200529003305,
        2.3902636686473127,
        2.3771793968957016,
        2.3895654358712135,
        2.3874293748283515,
        2.382416293219133,
        2.3637535112023005,
        2.375887632349016,
        2.4021789556530484,
        2.3930707795493875,
        2.359164258415945,
        2.3782199226509437,
        2.4155428348955996,
        2.3988219045120402,
        2.362702945477536,
        2.3709988659773864,
        2.4011136817711565,
        2.3917569855422913,
        2.3662238485542013,
        2.385741690345761,
        2.402198410764362,
        2.3866366190186366,
        2.383810548653282,
        2.4014148815467182,
        2.391306779594291,
        2.388032230291258,
        2.3900138203119545,
        2.436052089965473,
        2.335865967356812,
        2.3948458915440023,
        2.422555003763947,
        2.3974675545034474,
        2.32486394053061,
        2.459001539386746,
        2.3786749441621717,
        2.346950513176561,
        2.3856369086405587,
        2.4455995943288857,
        2.303931803520716,
        2.3884782959967694,
        2.4280856460464224,
        2.367605756926328,
        2.3287112070467404,
        2.498270387858972,
        2.29,
        2.4205956794426475,
        2.4033686612953105,
        2.404339196194797,
        2.312882552560844,
        2.4556747811324455,
        2.4157086492742352,
        2.3225183523360715,
        2.3958654606786496,
        2.424387739151966,
        2.461085763489067,
        2.316994165155728,
        2.379309723805437,
        2.416872991594425,
        2.403338638117517,
        2.3907080055531336
      ],
      "amp_slope": [
        0.001319588485042723,
        0.00412593788017321,
        0.007403725587072948,
        0.011370909846770454,
        0.01611421722644634,
        0.02156150796274968,
        0.027475285651968905,
        0.03346859569811325,
        0.039041782246330425,
        0.043635971450506544,
        0.04669703628960742,
        0.04774243246445553,
        0.046422843979413174,
        0.04257109840943429,
        0.036232245863433564,
        0.027670872399559742,
        0.01735437847166726,
        0.005913777689219139,
        0.0,
        0.0,
        0.0,
        0.0,
        0.0,
        0.0,
        0.0,
        0.0,
        0.0,
        0.0,
        0.0,
        0.0,
        0.0,
        0.0,
        0.0,
        0.0,
        0.0,
        0.0,
        0.0,
        0.0,
        0.0,
        0.0,
        0.0,
        0.0,
        0.0,
        0.0,
        0.0,
        0.0,
        0.0,
        0.0,
        0.0,
        0.0,
        0.0,
        0.0,
        0.0,
        0.0,
        0.0,
        0.0,
        0.0,
        0.0,
        0.0,
        0.0,
        0.0,
        0.0,
        0.0,
        0.0,
        0.0,
        0.0,
        0.0,
        0.0,
        0.0,
        0.0,
        0.0,
        0.0,
        0.0,
        0.0,
        0.0,
        0.0,
        0.0,
        0.0,
        0.0,
        0.0,
        0.0,
        0.0,
        0.0,
        0.0,
        0.0,
        0.0,
        0.0,
        0.0,
        0.0,
        0.0,
        0.0,
        0.0,
        0.0,
        0.0,
        0.0,
        0.0,
        0.0,
        0.0,
        0.0,
        0.0,
        0.0,
        0.0,
        -0.005913777689219139,
        -0.01735437847166726,
        -0.027670872399559742,
        -0.036232245863433564,
        -0.04257109840943429,
        -0.046422843979413174,
        -0.04774243246445553,
        -0.04669703628960742,
        -0.043635971450506544,
        -0.039041782246330425,
        -0.03346859569811325,
        -0.027475285651968905,
        -0.02156150796274968,
        -0.01611421722644634,
        -0.011370909846770454,
        -0.007403725587072948,
        -0.00412593788017321,
        -0.001319588485042723
      ],