{
  "modes": {
    "radial": [
      2.29049,
      2.31223,
      2.33447,
      2.3566,
      2.37964,
      2.40187,
      2.42345,
      2.44437,
      2.46325,
      2.48068,
      2.49643,
      2.50981,
      2.51649
    ],
    "radial2": [],
    "axial": []
  },
  "XX": {
    "-2:2": {
      "angle_sign": 1,
      "phase_slope": [
        2.4014526882843996,
        2.4313196431161375,
        2.370587560112186,
        2.4073054771606603,
        2.40874592887806,
        2.3788818264423903,
        2.3666077563769536,
        2.3884610368856185,
        2.4153411440959425,
        2.383331062485506,
        2.3551271452456506,
        2.426570839777652,
        2.394717401338735,
        2.3318116787741126,
        2.4347532293915206,
        2.415493633375109,
        2.3061180851983956,
        2.4469620059163217,
        2.407755722706823,
        2.2950539603906934,
        2.450032397099757,
        2.4054852924919143,
        2.29,
        2.4435558133306325,
        2.413810173719569,
        2.299322337036955,
        2.4318858947131266,
        2.422122346862448,
        2.334296787751396,
        2.4043574301271344,
        2.415852627874014,
        2.3839510582078978,
        2.3722846992994,
        2.4117746521219314,
        2.406041449443397,
        2.348681125210229,
        2.425919074737929,
        2.4009550338067798,
        2.3640102907355223,
        2.413810192986709,
        2.374732310797153,
        2.383095529989773,
        2.3998846449586715,
        2.3701401411014293,
        2.377059388708453,
        2.4144356589313527,
        2.3599826993545387,
        2.3726094890720018,
        2.4182117058186594,
        2.374193997821254,
        2.3625785627229687,
        2.408811415683813,
        2.381331885214235,
        2.3608996052222717,
        2.3998930439107724,
        2.3788821780839906,
        2.357371984452781,
        2.4150861780437083,
        2.366757290699611,
        2.3647669671047495,
        2.426342893236913,
        2.360475759595377,
        2.3718837154465375,
        2.4068119921264657,
        2.3626458223716056,
        2.378118378800752,
        2.3963902041096627,
        2.360240675841322,
        2.382413364789071,
        2.411718618077547,
        2.364393025050245,
        2.3658610088385603,
        2.4216418348999853,
        2.3771834084987775,
        2.3609175045242465,
        2.416075334390012,
        2.3777760908004915,
        2.3713781128876135,
        2.399752261640891,
        2.37611021100474,
        2.3847247790825308,
        2.4193636096438453,
        2.36108289618465,
        2.4013688164874183,
        2.425788872494789,
        2.3482225467936364,
        2.405528322519083,
        2.410196138132257,
        2.3756776448840196,
        2.374025566235109,
        2.416008922882685,
        2.4111192390487726,
        2.3243817697128932,
        2.4217715201612204,
        2.434350256234963,
        2.2956657126091082,
        2.41375278892751,
        2.4492137679565325,
        2.2907865051011824,
        2.4003270569114723,
        2.451529493888137,
        2.296022357509873,
        2.4121207036300194,
        2.4454666961354063,
        2.3105692380037883,
        2.415265433817758,
        2.429281391217816,
        2.33740554769983,
        2.390856950809405,
        2.4196752400679786,
        2.369927445683568,
        2.376264541532289,
        2.4071924800168247,
        2.39809580375073,
        2.3737674717031423,
        2.372870425164735,
        2.386837089356062,
        2.397524622432511,
        2.3902610350338107,
        2.391482206628419
      ],
      "amp_slope": [
        0.001323011989868809,
        0.004136642102288671,
        0.007422933613336941,
        0.011400410229032543,
        0.016156023517626232,
        0.021617446558307954,
        0.027546566793092656,
        0.03355542572140729,
        0.03914307119470662,
        0.043749179439622116,
        0.046818185822900156,
        0.047866294145429394,
        0.046543282155560965,
        0.04268154372061146,
        0.03632624582628516,
        0.0277426609656739,
        0.01739940220378141,
        0.005929120234784583,
        0.0,
        0.0,
        0.0,
        0.0,
        0.0,
        0.0,
        0.0,
        0.0,
        0.0,
        0.0,
        0.0,
        0.0,
        0.0,
        0.0,
        0.0,
        0.0,
        0.0,
        0.0,
        0.0,
        0.0,
        0.0,
        0.0,
        0.0,
        0.0,
        0.0,
        0.0,
        0.0,
        0.0,
        0.0,
        0.0,
        0.0,
        0.0,
        0.0,
        0.0,
        0.0,
        0.0,
        0.0,
        0.0,
        0.0,
        0.0,
        0.0,
        0.0,
        0.0,
        0.0,
        0.0,
        0.0,
        0.0,
        0.0,
        0.0,
        0.0,
        0.0,
        0.0,
        0.0,
        0.0,
        0.0,
        0.0,
        0.0,
        0.0,
        0.0,
        0.0,
        0.0,
        0.0,
        0.0,
        0.0,
        0.0,
        0.0,
        0.0,
        0.0,
        0.0,
        0.0,
        0.0,
        0.0,
        0.0,
        0.0,
        0.0,
        0.0,
        0.0,
        0.0,
        0.0,
        0.0,
        0.0,
        0.0,
        0.0,
        0.0,
        -0.005929120234784583,
        -0.01739940220378141,
        -0.0277426609656739,
        -0.03632624582628516,
        -0.04268154372061146,
        -0.046543282155560965,
        -0.047866294145429394,
        -0.046818185822900156,
        -0.043749179439622116,
        -0.03914307119470662,
        -0.03355542572140729,
        -0.027546566793092656,
        -0.021617446558307954,
        -0.016156023517626232,
        -0.011400410229032543,
        -0.007422933613336941,
        -0.004136642102288671,
        -0.001323011989868809
      ],